grade,token_count,row
1.0,151966,41
1.0,163011,15
1.0,165701,61
1.0,148878,25
1.0,135351,1
0.9281553398058252,153880,33
1.0,140596,23
1.0,159423,51
1.0,149655,28
1.0,161247,63
1.0,168246,36
1.0,139413,53
1.0,130944,35
1.0,143742,50
0.9953964194373401,136568,20
1.0,130859,75
1.0,148773,44
1.0,152301,80
0.2019285309132161,145077,76
0.2723939235201676,146252,0
1.0,163160,65
1.0,168877,22
1.0,163915,72
1.0,155678,31
1.0,25757,100
1.0,168459,96
1.0,140751,90
1.0,131162,73
1.0,26843,101
1.0,160903,7
1.0,19162,102
1.0,138656,98
1.0,165501,91
1.0,17882,108
1.0,18230,112
1.0,30419,109
1.0,30219,104
1.0,25636,107
1.0,136442,78
1.0,20924,114
1.0,22361,110
1.0,16043,106
1.0,20454,116
1.0,29678,111
1.0,20114,113
1.0,16165,125
1.0,142294,94
1.0,28985,115
1.0,145176,93
1.0,26455,103
1.0,18472,126
1.0,26253,118
1.0,23330,124
1.0,31843,127
1.0,19809,105
1.0,29980,123
1.0,22266,119
1.0,26808,120
1.0,28532,131
1.0,29503,122
1.0,29121,128
1.0,17549,117
1.0,19604,129
1.0,26822,121
1.0,27469,133
1.0,27937,135
1.0,20374,132
1.0,25176,137
1.0,28252,130
1.0,20301,134
1.0,20024,139
1.0,23907,138
1.0,30950,145
1.0,18598,141
1.0,22477,148
1.0,140599,67
1.0,25454,143
1.0,25879,144
1.0,30291,136
1.0,17898,149
0.994693680656054,29296,140
1.0,23387,163
1.0,25872,147
1.0,29897,142
1.0,27929,152
1.0,29255,162
1.0,30290,155
1.0,29191,158
1.0,30934,153
1.0,21119,146
1.0,28404,151
1.0,23740,159
1.0,20487,161
1.0,23628,150
1.0,25476,160
1.0,23076,164
1.0,24563,156
1.0,28903,175
1.0,21822,169
1.0,29549,165
1.0,28236,176
1.0,24189,174
0.9989071038251366,18177,168
1.0,20092,172
1.0,16769,157
1.0,27786,154
1.0,15788,170
1.0,29776,178
1.0,16866,166
1.0,28525,184
1.0,25118,186
0.997204902171576,24217,177
0.9987980769230769,20450,185
0.9945945945945946,30146,167
1.0,23705,194
1.0,27672,181
1.0,16311,190
1.0,29118,187
1.0,20013,171
1.0,21891,183
1.0,26516,193
1.0,17157,198
0.9997655334114889,18345,189
1.0,17756,173
1.0,31526,182
1.0,21542,191
1.0,51735,300
1.0,29979,195
1.0,60544,301
1.0,23603,180
1.0,24566,188
0.969826056088037,19119,179
1.0,28651,199
1.0,36352,302
1.0,44802,303
1.0,28342,197
1.0,30805,196
1.0,59561,311
1.0,50214,309
1.0,47310,305
1.0,37221,306
1.0,47186,316
1.0,32819,315
1.0,47402,304
1.0,38824,310
1.0,28930,192
1.0,55167,308
1.0,44715,313
1.0,57499,314
1.0,46496,326
1.0,52152,312
1.0,44288,329
1.0,43969,331
1.0,51376,324
1.0,35028,317
1.0,46105,330
1.0,63271,327
1.0,39654,318
1.0,41873,319
1.0,37658,323
1.0,55101,322
1.0,52676,321
1.0,62530,328
0.9307624890446976,53507,307
1.0,55550,325
1.0,40259,320
1.0,34900,344
1.0,52261,333
1.0,39204,334
1.0,63408,336
1.0,45818,341
1.0,49385,342
1.0,34794,337
1.0,31856,338
1.0,59552,332
1.0,56754,347
1.0,49558,346
1.0,54686,340
1.0,57755,345
0.9943396226415094,35794,339
1.0,36605,343
1.0,56296,352
0.03871576959395656,32396,349
1.0,40398,357
1.0,55142,335
1.0,40417,348
1.0,48140,356
1.0,45668,360
1.0,55389,363
1.0,42553,364
1.0,46598,362
0.9981785063752276,46082,354
1.0,49281,361
1.0,63180,355
1.0,34556,371
1.0,53211,372
1.0,39556,353
1.0,57061,358
1.0,61459,366
1.0,47058,367
1.0,47780,368
1.0,43123,365
1.0,34524,374
1.0,55254,350
1.0,51100,359
1.0,37112,373
0.9762734362037498,43216,351
1.0,58677,376
1.0,61465,377
1.0,46696,384
0.9961775948250514,37785,385
1.0,57126,369
1.0,50368,383
1.0,41585,386
1.0,56979,388
1.0,39918,381
1.0,51742,375
1.0,43502,392
1.0,55962,379
1.0,52854,391
1.0,39765,396
1.0,45990,378
1.0,63085,387
1.0,51142,380
1.0,31987,393
1.0,40275,397
1.0,6486,401
1.0,3824,403
1.0,62244,399
1.0,58456,390
1.0,52814,394
1.0,5779,402
1.0,59508,389
1.0,5540,400
1.0,33781,398
1.0,4246,405
1.0,6898,408
1.0,6892,410
1.0,6001,404
1.0,39459,395
1.0,5530,409
1.0,6695,418
1.0,4899,412
1.0,4330,407
1.0,4730,406
1.0,52803,382
1.0,3831,415
1.0,7229,417
1.0,5606,413
1.0,4035,420
1.0,7158,411
1.0,4913,425
1.0,6359,427
1.0,3701,421
1.0,4096,424
1.0,5071,419
1.0,7297,423
1.0,3806,429
1.0,6381,428
1.0,7073,426
1.0,4338,416
1.0,5591,434
1.0,6205,430
1.0,5716,431
1.0,5475,435
1.0,7606,444
1.0,7117,438
1.0,5470,436
1.0,3782,441
1.0,4912,442
1.0,5328,437
1.0,5341,443
1.0,6147,440
0.9945750452079566,4575,439
1.0,5289,432
1.0,7243,414
1.0,6313,433
1.0,5018,422
1.0,3869,445
1.0,6139,446
1.0,6171,449
1.0,4051,450
1.0,6974,454
1.0,6385,457
1.0,5343,459
1.0,3219,458
1.0,3439,447
1.0,3895,453
1.0,3843,455
1.0,4131,467
1.0,4622,469
1.0,6874,456
1.0,3718,460
1.0,4680,471
1.0,7088,472
1.0,5544,475
1.0,7243,448
1.0,4967,462
1.0,5019,468
1.0,4412,463
1.0,5090,466
1.0,6979,451
1.0,4430,464
1.0,4886,465
1.0,6736,461
1.0,5818,479
1.0,6060,470
1.0,7413,474
1.0,6154,476
1.0,3402,452
1.0,6547,473
1.0,3930,489
1.0,6240,477
1.0,5068,478
1.0,5349,485
1.0,6991,480
1.0,4851,486
1.0,3729,490
1.0,3640,492
1.0,4370,484
1.0,7273,482
1.0,5209,491
1.0,6496,498
1.0,5257,496
1.0,7097,481
1.0,4776,495
1.0,6270,499
1.0,5238,488
1.0,4483,494
1.0,4318,483
1.0,5158,493
1.0,6119,497
1.0,97814,600
0.9530083443126921,4094,487
1.0,82557,612
1.0,109839,610
1.0,83473,603
1.0,73758,611
1.0,100219,604
1.0,80567,615
0.9906570223025919,119221,605
1.0,95006,601
1.0,113550,608
1.0,96092,609
1.0,97789,616
1.0,74711,607
1.0,115011,602
1.0,83789,618
1.0,118100,613
1.0,124689,614
1.0,84614,617
1.0,92420,624
1.0,109177,606
1.0,83868,619
1.0,73259,626
1.0,65347,629
1.0,105993,622
1.0,95367,628
1.0,114576,625
1.0,104901,621
1.0,71318,623
1.0,120191,634
1.0,68378,641
1.0,91017,637
1.0,115205,640
1.0,119354,630
1.0,95279,643
1.0,76402,632
1.0,116540,633
1.0,72866,620
1.0,87920,644
1.0,96972,636
1.0,126977,638
1.0,78562,646
1.0,65383,649
1.0,97927,642
1.0,106444,635
1.0,85348,655
1.0,126895,647
1.0,98770,627
1.0,114637,648
1.0,100802,639
1.0,73418,656
1.0,85722,654
1.0,124615,653
1.0,80158,645
1.0,85596,631
1.0,102147,658
1.0,68643,660
1.0,74893,652
1.0,123366,664
1.0,86109,651
1.0,78152,650
1.0,74242,670
1.0,85504,661
1.0,125615,662
1.0,101483,666
1.0,114121,673
1.0,108130,663
1.0,128111,668
1.0,78028,667
1.0,95159,676
1.0,106689,657
1.0,89993,665
1.0,69064,675
1.0,103542,672
1.0,68724,678
1.0,108498,674
1.0,123210,681
1.0,108510,659
1.0,73659,677
1.0,89929,671
1.0,94687,683
1.0,93530,682
1.0,67879,694
1.0,79509,684
1.0,99162,685
1.0,82883,687
1.0,70618,686
1.0,107826,669
1.0,118924,689
1.0,8700,701
1.0,105387,692
0.9971250598945856,93118,691
1.0,13838,703
1.0,9804,702
1.0,11591,700
1.0,89543,680
1.0,14093,705
1.0,94086,679
1.0,65476,688
1.0,11096,706
1.0,97464,695
1.0,84854,696
1.0,12519,708
1.0,10721,704
1.0,107881,690
1.0,13213,710
1.0,12739,707
1.0,8952,709
1.0,9568,712
1.0,8599,714
1.0,14040,711
0.9653786017422381,82641,693
1.0,8857,713
1.0,14431,716
1.0,14358,724
1.0,15019,718
1.0,12054,725
1.0,69721,699
1.0,9097,726
1.0,12707,715
1.0,15038,723
1.0,8269,730
1.0,9810,717
1.0,15041,721
1.0,9657,734
1.0,11225,720
1.0,10296,727
1.0,13927,719
1.0,11546,735
1.0,7842,733
1.0,12778,736
1.0,10632,722
1.0,80611,698
1.0,13741,731
1.0,10540,729
1.0,11266,732
1.0,7948,738
1.0,12559,744
1.0,14473,739
1.0,15843,750
1.0,14933,745
1.0,14929,747
1.0,8611,743
1.0,15373,737
1.0,12280,740
1.0,13760,751
1.0,8444,741
1.0,11121,749
1.0,95601,697
1.0,8997,742
1.0,10401,752
1.0,11478,728
1.0,14269,746
1.0,12745,753
1.0,13176,754
1.0,14001,762
1.0,12134,758
1.0,13913,764
1.0,10723,748
1.0,15332,756
1.0,35680,370
1.0,10493,759
1.0,15535,757
1.0,10817,755
1.0,15510,766
1.0,12953,761
1.0,8252,767
0.9295774647887324,11997,760
1.0,12006,771
1.0,7963,770
1.0,8731,775
1.0,9993,773
1.0,10703,772
1.0,13333,763
1.0,12018,768
1.0,14112,777
1.0,15670,780
1.0,10329,782
1.0,14188,769
1.0,9876,776
1.0,15365,765
1.0,14465,791
0.9982832618025751,13623,779
1.0,11265,783
1.0,9525,774
1.0,12556,781
1.0,12333,793
1.0,14027,786
1.0,12541,788
1.0,11516,790
1.0,13464,797
1.0,14846,787
1.0,13103,778
1.0,14172,785
1.0,8540,784
1.0,10660,794
1.0,11113,796
1.0,13341,798
1.0,8151,789
1.0,12746,795
1.0,11126,792
1.0,12605,799
